Rank,Name,Pos,Exp,ATH,BR,CBS,DT,ESPN,PFF,PFN,SIS,Tank,SD,Avg
1,Arvell Reese,LB,JR.,1,4,3,2,3,2,1,4,1,2.3,2.33333333333333
2,Caleb Downs,S,JR.,4,1,5,5,2,8,2,3,2,3.6,3.44
3,Jeremiyah Love,RB,JR.,3,2,12,3,1,3,5,1,6,4.0,5.22
4,Fernando Mendoza,QB,RS JR.,2,3,1,1,5,1,4,26,3,5.1,5.11
5,Sonny Styles,LB,SR.,5,9,8,4,4,4,3,7,7,5.7,10.78
6,David Bailey,ED,SR.,6,6,15,6,6,6,10,2,4,6.8,7.89
7,Rueben Bain Jr.,ED,JR.,9,5,2,10,12,5,8,6,5,6.9,3.89
8,Carnell Tate,WR,JR.,10,7,6,8,8,10,6,10,8,8.1,8.22
9,Mansoor Delane,CB,SR.,7,10,10,7,11,9,11,8,9,9.1,12.11
10,Jordyn Tyson,WR,RS JR.,12,8,4,12,9,18,7,9,12,10.1,9.11
11,Makai Lemon,WR,JR.,14,11,14,11,10,14,9,27,10,13.3,14.00
12,Kenyon Sadiq,TE,JR.,20,14,22,9,7,13,16,28,11,15.6,20.33
13,Jermod McCoy,CB,JR.,16,13,7,17,14,15,17,44,14,17.4,16.22
14,Avieon Terrell,CB,JR.,18,15,9,27,23,22,19,13,17,18.1,17.44
15,Dillon Thieneman,S,JR.,23,18,28,15,16,11,18,22,13,18.2,41.00
16,Peter Woods,DL,JR.,33,12,11,19,22,27,15,12,20,19.0,14.67
17,Keldric Faulk,ED,JR.,15,19,20,14,20,21,20,30,15,19.3,16.89
18,Akheem Mesidor,ED,RS SR.,19,26,19,32,18,19,28,20,18,22.1,31.11
19,Kayden McDonald,DL,JR.,26,22,18,34,17,25,21,24,28,23.9,24.67
20,Emmanuel McNeil-Warren,S,SR.,31,17,21,23,21,20,37,23,25,24.2,32.22
21,CJ Allen,LB,JR.,32,28,31,,25,17,29,21,22,25.6,28.00
22,Denzel Boston,WR,JR.,25,42,27,18,15,28,44,16,19,26.0,25.11
23,T.J. Parker,ED,JR.,36,20,40,13,13,26,35,29,23,26.1,26.44
24,Caleb Banks,DL,SR.,24,43,37,22,31,16,22,32,16,27.0,28.67
25,Omar Cooper Jr.,WR,JR.,27,27,13,25,19,24,42,46,27,27.8,58.00
26,Kevin Concepcion,WR,JR.,22,15,,26,28,28,30,48,26,27.9,28.33
27,Cashius Howell,ED,SR.,29,24,17,24,38,23,49,35,24,29.2,27.00
28,Colton Hood,CB,RS SO.,28,58,30,21,27,29,25,18,29,29.4,37.33
29,Ty Simpson,QB,JR.,34,23,26,16,28,35,43,64,26,32.8,33.11
30,Lee Hunter,DL,SR.,60,32,16,33,29,32,40,25,32,33.2,37.67
31,Brandon Cisse,CB,JR.,41,46,48,30,36,34,27,17,30,34.3,33.67
32,D'Angelo Ponds,CB,JR.,40,25,38,38,35,36,24,62,36,37.1,49.33
33,R Mason Thomas,ED,SR.,35,45,34,40,34,40,46,37,35,38.4,45.56
34,Christen Miller,DL,RS JR.,37,40,32,36,52,31,36,41,45,38.9,39.00
35,Chris Johnson,CB,SR.,38,50,35,20,40,39,38,73,34,40.8,51.00
36,Chris Brazzell ,WR,RS JR.,46,21,48,49,50,52,53,15,48,42.4,47.89
37,Zion Young,ED,SR.,39,33,61,46,24,33,89,45,31,44.6,57.56
38,Anthony Hill Jr.,LB,JR.,56,72,23,29,30,77,62,33,33,46.1,48.00
39,Gabe Jacas,ED,SR.,57,41,53,37,37,43,56,42,49,46.1,63.75
40,Jadarian Price,RB,JR.,51,31,45,41,57,48,74,43,37,47.4,57.38
41,Zachariah Branch,WR,JR.,75,37,47,42,32,63,69,34,42,49.0,57.00
42,Jake Golday,LB,SR.,47,39,25,48,46,49,55,92,46,49.7,54.56
43,Germie Bernard,WR,SR.,45,87,36,47,26,41,68,65,44,51.0,65.11
44,Chris Bell,WR,SR.,53,75,81,44,55,37,45,56,43,54.3,51.11
45,Jacob Rodriguez,LB,SR.,64,88,67,58,43,38,52,51,39,55.6,87.78
46,Keith Abney II,CB,JR.,59,85,33,45,93,42,34,66,47,56.0,53.75
47,Max Klare,TE,JR.,54,35,70,62,61,64,63,47,64,57.8,54.56
48,Keionte Scott,S,SR.,76,117,41,52,41,47,41,–,48,57.9,64.50
49,A.J. Haulcy,S,SR.,58,57,50,79,60,44,48,84,41,57.9,64.78
50,Eli Stowers,TE,RS SR.,48,91,55,28,39,45,129,54,40,58.8,74.33
51,Derrick Moore,ED,SR.,52,56,78,54,51,53,82,55,55,59.6,73.22
52,Malachi Lawrence,ED,SR.,93,106,46,51,59,46,47,-,52,62.5,94.43
53,Joshua Josephs,ED,SR.,–,94,59,39,77,52,70,50,61,62.8,72.00
54,Davison Igbinosun,CB,SR.,50,54,102,59,47,57,61,74,63,63.0,78.11
55,Kamari Ramsey,S,RS JR.,–,51,77,55,76,59,60,69,59,63.3,63.63
56,Josiah Trotter,LB,RS SO.,66,63,29,77,99,55,75,–,54,64.8,65.86
57,Elijah Sarratt,WR,SR.,65,64,66,53,68,62,88,76,56,66.4,68.89
58,Treydan Stukes,CB,SR.,77,61,57,67,62,51,105,-,65,68.1,146.14
59,Genesis Smith,S,JR.,72,84,44,71,78,75,59,–,66,68.6,97.43
60,Malachi Fields,WR,SR.,49,30,51,57,45,79,212,–,50,71.6,83.67
61,Domonique Orange,DL,SR.,71,68,69,50,91,61,107,88,62,74.1,79.63
62,Dani Dennis-Sutton,ED,SR.,68,70,84,43,111,56,122,58,57,74.3,88.56
63,Antonio Williams,WR,RS JR.,61,109,65,65,50,81,92,102,51,75.1,89.78
64,Mike Washington Jr.,RB,SR.,-,34,141,56,70,60,91,96,60,76.0,119.83
65,Romello Height,ED,SR.,80,79,62,35,149,65,111,36,67,76.0,65.25
66,Chandler Rivers,CB,SR.,88,29,112,108,56,68,79,63,83,76.2,75.29
67,Zakee Wheatley,S,SR.,55,36,76,81,69,91,124,78,82,76.9,93.33
68,Kyle Louis,LB,RS JR.,70,153,43,69,90,58,108,52,58,77.9,105.63
69,LT Overton,ED,SR.,78,65,88,,86,80,80,97,53,78.4,71.89
70,Ted Hurst,WR,SR.,62,55,121,64,48,88,132,–,74,80.5,96.17
71,Michael Trigg,TE,SR.,91,60,54,83,79,94,133,60,84,82.0,80.63
72,Ja'Kobi Lane,WR,JR.,–,97,130,73,65,110,76,38,68,82.1,72.63
73,Malik Muhammad,CB,JR.,90,38,87,63,63,108,117,109,71,82.9,82.00
74,Darrell Jackson Jr.,DL,SR.,69,78,82,92,94,67,101,101,69,83.7,87.11
75,Gracen Halton,DL,SR.,-,129,134,84,49,69,51,-,78,84.9,109.8
76,Julian Neal,CB,SR.,–,77,63,76,97,138,71,77,80,84.9,77.50
77,Devin Moore,CB,SR.,73,62,60,103,136,70,87,105,72,85.3,127.57
78,Jonah Coleman,RB,SR.,–,104,98,75,124,78,72,61,75,85.9,86.00
79,Garrett Nussmeier,QB,RS SR.,82,44,80,70,71,74,204,86,70,86.8,102.88
80,Skyler Bell,WR,RS SR.,-,95,120,85,130,50,57,-,77,87.7,99.4
81,Will Lee III,CB,SR.,–,66,79,131,109,90,83,81,81,90.0,95.57
82,Daylen Everette,CB,SR.,-,74,111,93,58,72,164,68,86,90.8,91.17
83,Deontae Lawson,LB,RS SR.,–,53,138,119,75,85,127,53,79,91.1,61.14
84,Emmett Johnson,RB,JR.,92,69,125,78,156,111,65,98,76,96.7,85.57
85,Anthony Lucas,ED,SR.,–,144,42,82,,84,125,116,87,97.1,101.14
86,Deion Burks,WR,RS SR.,–,48,133,68,82,66,217,107,73,99.3,97.67
87,Bud Clark,S,SR.,-,83,139,74,54,113,154,-,90,101.0,115
88,Brenen Thompson,WR,SR.,74,108,39,105,134,109,155,-,88,101.5,146.29
89,Kaytron Allen,RB,SR.,–,52,96,99,103,126,121,114,106,102.1,108.13
90,Jalon Kilgore,S,JR.,-,47,194,102,74,103,135,71,91,102.1,117.14
91,Keyron Crawford,ED,SR.,67,167,71,161,67,73,118,-,95,102.4,157.83
92,Justin Joly,TE,SR.,87,89,136,90,101,106,113,-,101,102.9,115.5
93,Jack Endries,TE,JR.,–,73,86,100,73,98,145,134,123,104.0,101.50
94,Dallen Bentley,TE,SR.,-,100,123,121,64,114,95,-,113,104.3,142.83
95,Bryce Lance,WR,SR.,99,145,127,89,89,87,93,-,108,104.6,142.6
96,Jaishawn Barham,ED,SR.,-,124,52,124,118,102,137,99,85,105.1,98.17
97,Tacario Davis,CB,SR.,-,111,165,66,87,158,66,-,102,107.9,136.8
98,Dontay Corleone,DL,RS SR.,–,127,72,94,122,83,161,115,100,109.3,109.14
99,Eli Raridon,TE,SR.,-,76,97,118,115,128,104,-,130,109.7,140.8
100,Carson Beck,QB,RS SR.,–,90,157,72,66,89,258,94,89,114.4,101.71
101,Reggie Virgil,WR,SR.,94,71,128,127,,104,169,-,111,114.9,144.4
102,Rayshaun Benny,DL,GR.,100,140,64,110,81,92,238,-,103,116.0,160.33
103,Devon Marshall,CB,SR.,-,,119,,,121,109,-,,116.3,253.33
104,Sam Roush,TE,SR.,-,92,147,88,127,71,183,131,97,117.0,139.29
105,Joe Royer,TE,RS SR.,-,125,108,137,53,127,139,133,119,117.6,127.38
106,Kevin Coleman Jr.,WR,SR.,-,155,85,91,143,133,100,-,120,118.1,133.67
107,Taurean York,LB,JR.,–,96,153,126,,116,106,117,121,119.3,97.00
108,Tim Keenan III,DL,SR.,-,99,103,112,138,115,168,106,117,119.8,125
109,Cade Klubnik,QB,SR.,-,103,101,86,,132,188,87,142,119.9,125.43
110,Tyreak Sapp,ED,RS SR.,-,112,99,87,,97,184,135,126,120.0,125.29
111,Drew Allar,QB,SR.,-,86,129,80,137,76,242,-,94,120.6,135.6
112,Chris McClellan,DL,SR.,95,158,58,180,110,99,171,121,96,120.9,161.38
113,Zane Durant,DL,SR.,-,118,184,61,98,159,148,103,104,121.9,138.67
114,Domani Jackson,CB,SR.,-,82,164,109,72,180,170,104,107,123.5,134
115,Louis Moore,S,SR.,-,81,161,142,123,239,50,80,122,124.8,97.8
116,Harold Perkins Jr.,LB,RS JR.,-,133,110,106,,151,159,126,98,126.1,128.71
117,Bryce Boettcher,LB,SR.,97,146,140,138,144,93,,-,,126.3,156.75
118,Demond Claiborne,RB,SR.,-,179,109,107,129,137,140,110,109,127.5,125
119,Josh Cameron,WR,SR.,-,80,104,154,104,200,177,100,105,128.0,139.57
120,Cyrus Allen,WR,SR.,-,54,,242,,100,116,-,136,129.6,162.67
121,Jahiem Lawson,ED,SR.,-,,,,,,130,-,,130.0,115.00
122,Hezekiah Masses,CB,SR.,-,101,144,149,,145,102,-,141,130.3,135.2
123,Albert Regis,DL,GR.,-,132,149,125,113,130,,-,134,130.5,135.33
124,Michael Taaffe,S,SR.,-,115,154,97,112,136,163,-,138,130.7,118.4
125,Ephesians Prysock,CB,SR.,-,102,195,135,,129,97,-,135,132.2,162
126,Caden Curry,ED,SR.,-,148,126,134,114,152,182,57,145,132.3,151.14
127,Charles Demmings,CB,SR.,-,137,230,120,96,135,98,-,114,132.9,230.75
128,Oscar Delp,TE,SR.,-,98,106,177,,169,158,123,110,134.4,124.57
129,Josh Cuevas,TE,RS SR.,-,119,83,147,,139,185,-,,134.6,144
130,Aiden Fisher,LB,SR.,-,162,163,143,125,142,84,-,139,136.9,159.5
131,Eric McAlister,WR,SR.,-,128,56,197,,107,218,-,124,138.3,191.4
132,Seth McGowan,RB,SR.,-,,143,101,154,101,208,-,125,138.7,150
133,Nadame Tucker,ED,RS SR.,-,156,89,146,,119,198,-,128,139.3,170.75
134,Zxavian Harris,DL,SR.,-,166,116,104,131,175,179,111,,140.3,146.29
135,Thaddeus Dixon,CB,RS SR.,-,114,179,162,,140,110,-,,141.0,145.75
136,Mikail Kamara,ED,RS SR.,-,173,,181,,96,114,-,,141.0,127.5
137,DeMonte Capehart,DL,GR.,-,174,137,128,145,105,226,122,92,141.1,144.6
138,Eric Rivers,WR,SR.,-,,93,95,,143,236,-,140,141.4,134
139,David Blay Jr.,DL,RS SR.,-,,,,,,,142,,142.0,142.00
140,Kaleb Proctor,DL,SR.,-,187,90,168,148,118,,-,,142.2,189.00
141,Nick Singleton,RB,SR.,-,142,,115,,,220,95,,143.0,121.33
142,Jeff Caldwell,WR,SR.,-,121,122,140,126,146,203,-,,143.0,181.67
143,Dae'Quan Wright,TE,SR.,-,113,150,158,92,166,186,-,,144.2,149.2
144,Trey Moore,ED,SR.,-,,170,157,105,147,,-,,144.8,164.67
145,Bishop Fitzgerald,S,RS SR.,-,,145,129,,162,,-,143,144.8,156.33
146,Max Llewellyn,ED,SR.,-,150,182,113,,122,176,-,127,145.0,159.75
147,CJ Daniels,WR,RS SR.,-,151,190,,,95,180,-,112,145.6,130.4
148,Marlin Klein,TE,SR.,-,130,132,141,161,112,215,-,144,147.9,183.6
149,Kaleb Elarms-Orr,LB,SR.,-,,197,144,132,134,141,-,,149.6,279.67
150,Skyler Gill-Howard,DL,SR.,-,186,131,183,167,131,162,128,116,150.5,134.67
151,Nate Boerkircher,TE,GR.,-,147,68,216,151,125,250,-,99,150.9,215.67
152,Le'Veon Moss,RB,SR.,-,116,177,133,141,120,252,124,,151.9,156
153,Isaiah Smith,ED,-,-,,,152,,,,-,,152.0,172.00
154,Aaron Graves,DL,-,-,,,170,,,136,-,,153.0,184.50
155,Keanu Tanuvasa,DL,-,-,,,153,,,,-,,153.0,174.00
156,Tanner Koziol,TE,SR.,-,110,169,150,121,157,213,-,,153.3,172.25
157,Cole Payton,QB,SR.,-,107,74,174,142,195,244,-,,156.0,199.75
158,Lander Barton,LB,SR.,-,123,105,111,150,225,268,-,118,157.1,150.4
159,Jordan van den Berg,DL,SR.,-,,94,,,,223,-,,158.5,145.00
160,Roman Hemby,RB,RS SR.,-,159,206,148,95,184,165,-,,159.5,162
161,Taylen Green,QB,RS SR.,-,138,218,98,80,194,256,-,133,159.6,191.5
162,TJ Hall,CB,SR.,-,120,159,,,174,187,-,,160.0,163.2
163,George Gumbs Jr.,ED,RS SR.,-,198,183,,116,167,,140,,160.8,156.00
164,Aaron Anderson,WR,RS JR.,-,193,146,155,159,149,199,-,137,162.6,157.6
165,VJ Payne,S,SR.,-,157,151,,84,164,259,-,,163.0,243.50
166,Robert Spears-Jennings,S,SR.,-,134,114,208,157,176,197,-,,164.3,162.33
167,Chase Roberts,WR,RS SR.,-,177,180,145,,161,,-,,165.8,163.50
168,John Michael Gyllenborg,TE,RS SR.,-,154,188,195,139,155,222,108,,165.9,198
169,Patrick Payton,ED,RS SR.,-,,186,156,163,215,,112,,166.4,175.33
170,Ethan Burke,ED,SR.,-,,73,165,,326,147,-,129,168.0,197.25
171,Caleb Douglas,WR,SR.,-,135,223,164,133,124,232,-,,168.5,205.25
172,Quintayvious Hutchins,ED,RS SR.,-,191,167,247,102,141,,-,,169.6,284.00
173,Vincent Anthony Jr.,ED,SR.,-,181,171,,,192,193,-,115,170.4,192.00
174,Kaelon Black,RB,RS SR.,-,164,,245,152,150,143,-,,170.8,237.00
175,Jadon Canady,CB,RS SR.,-,105,242,202,88,177,214,-,,171.3,177.25
176,Zavion Thomas,WR,SR.,-,,155,194,,168,,-,,172.3,328.00
177,Owen Heinecke,LB,RS JR.,-,170,214,167,160,154,173,-,,173.0,196.00
178,Colbie Young,WR,SR.,-,,219,160,140,182,,-,,175.3,259.00
179,Jimmy Rolder,LB,RS JR.,-,,160,130,,282,,129,,175.3,137.00
180,Jam Miller,RB,SR.,-,,185,182,147,238,,125,,175.4,207.25
181,Eli Heidenreich,FB,SR.,-,136,191,209,,170,174,-,,176.0,223.00
182,Nick Barrett,DL,SR.,-,149,75,244,146,261,227,-,132,176.3,194.00
183,Sawyer Robertson,QB,RS SR.,-,172,176,116,,206,257,-,131,176.3,188.4
184,Jakobe Thomas,S,SR.,-,67,187,178,,240,211,-,,176.6,158.00
185,J'Mari Taylor,RB,GR.,-,,205,139,,148,247,-,146,177.0,166.25
186,Bryson Eason,DL,-,-,,162,176,108,263,,-,,177.3,196.00
187,Red Murdock,LB,SR.,-,,118,199,,165,229,-,,177.8,155.00
188,J. Michael Sturdivant,WR,RS SR.,-,,168,249,107,187,,-,,177.8,203.00
189,Rohan Jones,TE,SR.,-,,,,,,178,-,,178.0,346.00
190,Robert Henry Jr.,RB,SR.,-,171,148,215,,181,189,-,,180.8,265.67
191,Xavier Nwankpa,S,SR.,-,93,198,187,,246,,-,,181.0,208.33
192,Cian Slone,LB,SR.,-,,124,240,,,,-,,182.0,202.50
193,TJ Guy,ED,GR.,-,,,,,183,,-,,183.0,195.50
194,Lewis Bond,WR,RS SR.,-,126,,286,,207,119,-,,184.5,192.25
195,Brent Austin,CB,SR.,-,,95,260,,,200,-,,185.0,149.33
196,Wesley Williams,ED,JR.,-,,113,175,,270,,-,,186.0,168.00
197,Jaydn Ott,RB,SR.,-,168,,236,,123,260,143,,186.0,211.4
198,DeShon Singleton,S,SR.,-,192,200,123,,266,153,-,,186.8,169.67
199,Jalen Stroman,S,SR.,-,143,,277,,144,,-,,188.0,220.50
200,Tyren Montgomery,WR,GR.,-,176,152,,,156,270,-,,188.5,203.50
201,Justin Jefferson,LB,RS SR.,-,141,207,163,83,350,,-,,188.8,255.33
202,Kaden Wetjen,WR,-,-,139,211,225,,188,,-,,190.8,211.00
203,DJ Harvey,CBN,RS SR.,-,,,,,191,,-,,191.0,322.50
204,Barion Brown,WR,SR.,-,165,142,188,164,305,255,119,,191.1,212.4
205,Eric Gentry,LB,RS SR.,-,,250,192,,197,,127,,191.5,205.33
206,Harrison Wallace III,WR,SR.,-,,203,207,153,259,151,-,,194.6,214.00
207,Cameron Ball,DL,RS SR.,-,,210,184,135,262,210,-,,200.2,195
208,Ceyair Wright,CB,SR.,-,,,,,201,,-,,201.0,215.00
209,Jalen Huskey,S,SR.,-,,215,117,,273,,-,,201.7,216.50
210,Logan Fano,ED,RS JR.,-,189,175,198,,222,225,-,,201.8,226.67
211,Adam Randall,RB,GR.,-,175,236,151,128,264,263,-,,202.8,245.50
212,Noah Whittington,RB,RS SR.,-,122,238,173,,248,241,-,,204.4,204.33
213,Rahsul Faison,RB,GR.,-,,208,191,,198,221,-,,204.5,215.33
214,Riley Nowakowski,TE,RS SR.,-,161,255,179,,223,,-,,204.5,202.67
215,Xavian Sorey Jr.,LB,RS SR.,-,,209,193,,212,,-,,204.7,217.00
216,Vinny Anthony II,WR,SR.,-,,107,266,,204,245,-,,205.5,227.00
217,Clay Patterson,DL,SR.,-,,92,322,,,,-,,207.0,240.50
218,Cam Miller,CB,SR.,-,,,,,,207,-,,207.0,190.00
219,Cole Wisniewski,S,SR.,-,290,,314,,160,152,120,,207.2,225.33
220,Bauer Sharp,TE,RS SR.,-,,220,203,117,289,,-,,207.3,303.00
221,Brandon Cleveland,DL,SR.,-,,172,201,,251,,-,,208.0,254.00
222,Scooby Williams,LB,SR.,-,,201,253,119,265,,-,,209.5,295.50
223,Luke Altmyer,QB,SR.,-,180,213,204,,203,251,-,,210.2,239.00
224,Andre Fuller,CB,-,-,,241,211,,179,,-,,210.3,289.00
225,Jalon Daniels,QB,RS SR.,-,194,232,172,,190,266,-,,210.8,210
226,Jeadyn Lukus,CB,SR.,-,,,,,211,,-,,211.0,232.00
227,Kendal Daniels,S,RS SR.,-,,233,196,,296,120,-,,211.3,280.00
228,Gary Smith III,DL,RS SR.,-,,196,206,,255,190,-,,211.8,216.00
229,Stephen Daley,ED,-,-,,,212,,,,-,,212.0,169.00
230,Jack Pyburn,ED,SR.,-,183,204,234,106,271,277,-,,212.5,252.50
231,DeVonta Smith,CB,SR.,-,,115,330,,196,,-,,213.7,242.67
232,Keelan Marion,WR,-,-,131,,298,,,,-,,214.5,210.50
233,Tyler Onyedim,DL,SR.,-,,158,214,,292,196,-,,215.0,213.50
234,Deven Eastern,DL,RS SR.,-,,231,171,,205,254,-,,215.3,214
235,Landon Robinson,DL,SR.,-,,,248,,260,138,-,,215.3,290.50
236,Caullin Lacy,WR,RS SR.,-,,217,220,,274,234,132,,215.4,217.50
237,James Thompson Jr.,DL,SR.,-,,,229,,202,,-,,215.5,241.50
238,Athan Kaliakmanis,QB,SR.,-,,,,,236,195,-,,215.5,301.33
239,Desmond Reid,RB,SR.,-,,189,270,,172,233,-,,216.0,240.33
240,Preston Hodge,CB,SR.,-,,,,,,216,-,,216.0,311.50
241,Diego Pavia,QB,GR.,-,184,234,186,,210,269,-,,216.6,214.25
242,Lance Mason,TE,SR.,-,,91,338,,,224,-,,217.7,199.00
243,Mohamed Toure,LB,-,-,,,219,,,,-,,219.0,255.00
244,Lake McRee,TE,RS SR.,-,,249,283,155,193,,-,,220.0,278.50
245,Tommy Castellanos,QB,SR.,-,,,,,220,,-,,220.0,234.00
246,Terion Stewart,RB,GR.,-,,,254,,189,,-,,221.5,193.50
247,Jordan Hudson,WR,SR.,-,,225,257,,257,149,-,,222.0,242.50
248,Damonic Williams,DL,SR.,-,,193,231,,243,,-,,222.3,320.00
249,Will Kacmarek,TE,RS SR.,-,,100,261,162,311,278,-,,222.4,267.00
250,Ahmari Harvey,CB,-,-,,248,210,,214,,-,,224.0,241.00
251,Jack Kelly,LB,RS SR.,-,,192,159,165,344,264,-,,224.8,290.33
252,Collin Wright,CB,SR.,-,,243,166,,327,167,-,,225.8,224.00
253,Jake Retzlaff,QB,RS SR.,-,,,,,226,,-,,226.0,252.00
254,Miles Kitselman,TE,SR.,-,,216,335,,153,202,-,,226.5,159.50
255,Nic Anderson,WR,-,-,163,,295,,,,-,,229.0,287.00
256,Dan Villari,TE,RS SR.,-,160,,309,,,219,-,,229.3,176.33
257,Behren Morton,QB,SR.,-,,166,222,,253,280,-,,230.3,292.50
258,Kody Huisman,DL,-,-,,,232,,,,-,,232.0,266.00
259,Dillon Bell,WR,SR.,-,,229,241,,227,,-,,232.3,339.00
260,Logan Diggs,RB,SR.,-,188,,,,277,,-,,232.5,309.00
261,Wesley Bailey,ED,-,-,,,235,,,,-,,235.0,277.00
262,Kyron Drones,QB,RS SR.,-,,,,,235,,-,,235.0,262.00
263,Isaiah Nwokobia,S,RS SR.,-,,,358,,173,175,-,,235.3,299.00
264,Shad Banks Jr.,LB,-,-,,,263,,,209,-,,236.0,270.00
265,Jaren Kanak,TE,SR.,-,,257,223,,229,,-,,236.3,341.50
266,Jack Strand,QB,SR.,-,,,,,,237,-,,237.0,165.00
267,Mason Reiger,ED,GR.,-,,259,224,,230,,-,,237.7,258.00
268,DJ Rogers,TE,SR.,-,,226,,,237,253,-,,238.7,274.50
269,Josh Moten,CB,RS SR.,-,,,265,,213,,-,,239.0,200.50
270,Chip Trayanum,RB,SR.,-,,,250,,228,,-,,239.0,249.00
271,Emmanuel Henderson,WR,-,-,,,239,,,,-,,239.0,344.00
272,Wade Woodaz,LB,SR.,-,,174,328,,319,,139,,240.0,307.33
273,Wesley Bissainthe,LB,SR.,-,,253,306,,284,,118,,240.3,220.00
274,Nyjalik Kelly,ED,SR.,-,,245,256,100,339,262,-,,240.4,349.00
275,Jacob Thomas,S,-,-,152,,329,,,,-,,240.5,274.00
276,Skyler Thomas,S,-,-,,,340,,,142,-,,241.0,237.50
277,Jackie Marshall,DL,RS SR.,-,196,263,264,,242,,-,,241.3,335.00
278,Hank Beatty,WR,SR.,-,185,,289,,256,,-,,243.3,235.33
279,Noah Thomas,WR,SR.,-,,,302,,185,,-,,243.5,269.00
280,CJ Donaldson,RB,SR.,-,197,237,,,267,274,-,,243.8,312.33
281,Carsen Ryan,TE,RS SR.,-,,,,,245,243,-,,244.0,229.50
282,Austin Brown,S,SR.,-,,,233,,258,,-,,245.5,342.00
283,Joe Fagnano,QB,GR.,-,,261,274,,233,225,-,,248.3,283.00
284,Karson Sharar,LB,-,-,,252,190,,303,,-,,248.3,315.00
285,RJ Maryland,TE,SR.,-,,256,,,241,,-,,248.5,269.00
286,Jack Velling,TE,SR.,-,,,,,249,,-,,249.0,279.00
287,Eric O'Neill,ED,SR.,-,,,279,,221,,-,,250.0,257.67
288,Jackson Kuwatch,LB,-,-,,,252,,,,-,,252.0,290.00
289,Dean Connors,RB,SR.,-,,,,,252,,-,,252.0,281.00
290,Seydou Traore,TE,RS SR.,-,,,290,,218,,-,,254.0,268.50
291,Squirrel White,WR,SR.,-,,,,,254,,-,,254.0,284.00
292,Cole Brevard,DL,SR.,-,,,348,,163,,-,,255.5,283.00
293,Miller Moss,QB,RS SR.,-,,,294,,217,,-,,255.5,253.00
294,Dane Key,WR,SR.,-,,,334,,178,,-,,256.0,284.50
295,Namdi Obiazor,LB,SR.,-,,212,213,,357,,-,,260.7,336.00
296,Dalton Johnson,S,-,-,,247,226,,314,,-,,262.3,350.00
297,Jalen Walthall,WR,RS SR.,-,,224,238,,329,,-,,263.7,331.50
298,Joey Aguilar,QB,-,-,,,304,,209,279,-,,264.0,281.00
299,Bryan Thomas Jr.,ED,-,-,,,267,,,,-,,267.0,199.00
300,Jeremiah Franklin,TE,SR.,-,,,,,268,,-,,268.0,301.00
301,Jalen Catalon,S,GR.,-,,,321,,216,,-,,268.5,301.50
302,Jalen McMurray,CB,RS SR.,-,,,282,,,261,-,,271.5,237.00
303,Stephen Hall,CB,RS SR.,-,,,,,272,,-,,272.0,305.00
304,Romello Brinson,WR,RS SR.,-,190,,318,,347,235,-,,272.5,286.75
305,Mark Gronowski,QB,GR.,-,,,300,,279,239,-,,272.7,290.33
306,Rene Konga,DL,-,-,,,273,,,,-,,273.0,305.00
307,Grayson James,QB,RS SR.,-,,,,,275,,-,,275.0,308.00
308,Alex Afari Jr.,LB,SR.,-,,,,,,275,-,,275.0,229.00
309,Max Tomczak,WR,SR.,-,,,354,,337,,136,,275.7,314.33
310,Khalil Dinkins,TE,-,-,195,264,324,,325,,-,,277.0,337.00
311,West Weeks,LB,-,-,,,278,,,,-,,278.0,216.00
312,Jaden Dugger,LB,SR.,-,,,281,,278,,-,,279.5,311.50
313,Donavon Greene,WR,GR.,-,,,,,280,,-,,280.0,316.00
314,Chamon Metayer,TE,RS SR.,-,,,369,,338,,137,,281.3,323.33
315,Fred Davis II,CB,-,-,,,284,,,,-,,284.0,317.00
316,Caden Fordham,LB,-,-,,,285,,,,-,,285.0,321.00
317,DaShawn Jones,CB,RS SR.,-,,,,,285,,-,,285.0,323.00
318,Tyreek Chappell,CBN,RS SR.,-,,,353,,219,,-,,286.0,325.50
319,Keyshawn James-Newby,ED,SR.,-,,,339,,234,,-,,286.5,323.00
320,Kolbey Taylor,CB,-,-,,,287,,,,-,,287.0,323.00
321,Al-Jay Henderson,RB,SR.,-,,,,,287,,-,,287.0,325.00
322,Jamal Haynes,RB,RS SR.,-,,,345,,231,,-,,288.0,326.00
323,Michael Wortham,WR,SR.,-,,,370,,,206,-,,288.0,294.00
324,Kahlil Saunders,DL,-,-,,,292,,,,-,,292.0,328.00
325,Chris Hilton Jr.,WR,RS SR.,-,,265,325,,288,,-,,292.7,326.00
326,Malik Spencer,S,-,-,,,293,,,,-,,293.0,329.00
327,Gunner Maldonado,S,SR.,-,,,,,293,,-,,293.0,332.00
328,Trey Smack,K,-,-,,267,255,,358,,-,,293.3,297.00
329,Tanner Arkin,TE,SR.,-,,,,,294,,-,,294.0,334.00
330,Mo Westmoreland,ED,RS SR.,-,,,,,295,,-,,295.0,337.00
331,Kansei Matsuzawa,K,-,-,,,296,,,,-,,296.0,304.00
332,DQ Smith,S,SR.,-,,,,,297,,-,,297.0,306.00
333,Maverick McIvor,QB,GR.,-,,,,,298,,-,,298.0,341.00
334,Al'Zillion Hamilton,CBN,-,-,,,299,,,,-,,299.0,333.00
335,Devin Mockobee,RB,SR.,-,,,,,299,,-,,299.0,342.00
336,Wydett Williams Jr.,S,-,-,,,301,,,,-,,301.0,336.00
337,Devonte Ross,WR,SR.,-,,,,,301,,-,,301.0,344.00
338,Jimmori Robinson,ED,RS SR.,-,,,,,302,,-,,302.0,345.00
339,Micah Davey,LB,-,-,,,303,,,,-,,303.0,338.00
340,Desmond Purnell,LB,SR.,-,,,288,,349,273,-,,303.3,295.67
341,Jacob De Jesus,WR,-,-,,,307,,,,-,,307.0,340.00
342,Karon Prunty,CB,-,-,,,310,,,,-,,310.0,343.00
343,Tyre West,DL,-,-,,,311,,,,-,,311.0,345.00
344,Anthony Hankerson,RB,SR.,-,,,332,,316,,-,,324.0,350.00